2cda0c19;3;恶魔神像
7ff848d1;1;可用的滑翔帆布料: 默认
b65bc9d7;1;可用的滑翔帆布料: 鼓隆族的布料
41929f49;1;可用的滑翔帆布料: 卓拉族的布料
084da01f;1;可用的滑翔帆布料: 格鲁德族的布料
31a2d1cc;1;可用的滑翔帆布料: 海拉鲁王族的布料
865f713d;1;可用的滑翔帆布料: 左纳乌的布料
30669b55;1;可用的滑翔帆布料: 希卡族的布料
022aef11;1;可用的滑翔帆布料: 依盖队的布料
112734b9;1;可用的滑翔帆布料: 讨伐队的布料
dbc821f2;1;可用的滑翔帆布料: 左纳乌调查队的布料
1ecc8c93;1;可用的滑翔帆布料: 马神大人的布料
405203b9;1;可用的滑翔帆布料: 沃托里村的布料
7c38e018;1;可用的滑翔帆布料: 白诘报社的布料
0636a9e7;1;可用的滑翔帆布料: 松达建筑店的布料
09865592;1;可用的滑翔帆布料: 柯尔天亲手制作的布料
57129d72;1;可用的滑翔帆布料: 克洛格族的布料
f4035866;1;可用的滑翔帆布料: 帝灰熊的布料
c80d0bf1;1;可用的滑翔帆布料: 洛贝利亲手制作的布料
96427113;1;可用的滑翔帆布料: SAGONO的布料
8ef713e8;1;可用的滑翔帆布料: 卡库达的布料
92754bbd;1;可用的滑翔帆布料: 奥尔汀鸵鸟的布料
94d2472d;1;可用的滑翔帆布料: 咕咕鸡的布料
e6cacf83;1;可用的滑翔帆布料: 马的布料
85a4e8e3;1;可用的滑翔帆布料: 丘丘的布料
ca1847dd;1;可用的滑翔帆布料: 莱尼尔的布料
8c007dbc;1;可用的滑翔帆布料: 古栗欧克的布料
a2aec992;1;可用的滑翔帆布料: 骷髅西诺克斯的布料
7c552e01;1;可用的滑翔帆布料: 回忆服的布料
ca76a631;1;可用的滑翔帆布料: 海利亚兜帽的布料
d9c206b1;1;可用的滑翔帆布料: 海拉鲁公主的布料
6443f768;1;可用的滑翔帆布料: 鼓隆英杰的布料
397217b2;1;可用的滑翔帆布料: 利特英杰的布料
6fb24dcc;1;可用的滑翔帆布料: 卓拉英杰的布料
38267d74;1;可用的滑翔帆布料: 格鲁德英杰的布料
ca2baf8b;1;可用的滑翔帆布料: 古代希卡花纹的布料
500ce8e9;1;可用的滑翔帆布料: 波克布林的布料
861db450;1;可用的滑翔帆布料: 魔王的布料
8dbea34c;1;可用的滑翔帆布料: 赤狮子王的布料
d552e642;1;可用的滑翔帆布料: 希克的布料
6199467d;1;可用的滑翔帆布料: 阴影之镜的布料
6625f898;1;可用的滑翔帆布料: 黄昏公主的布料
63452b97;1;可用的滑翔帆布料: 荣蓉牧场的布料
53e2da50;1;可用的滑翔帆布料: 魔吉拉的面具的布料
ee3f78e3;1;可用的滑翔帆布料: 灭亡王族的布料
f2d50ecf;1;可用的滑翔帆布料: 剑之精灵的布料
a4bf8025;1;可用的滑翔帆布料: 点阵的布料
0f1e166d;1;可用的滑翔帆布料: 蛋图案的布料
c9ab8463;1;可用的滑翔帆布料: 女神的布料
21170251;1;可用的滑翔帆布料: 新式·英杰服的布料
eaae73a3;1;可用的滑翔帆布料: 塞尔达公主的布料
a5ecfeec;1;可用的滑翔帆布料: 格鲁德王的布料
93e7260f;1;可用的滑翔帆布料: 熟悉图案的布料
6688319b;1;可用的滑翔帆布料: 卡邦达亲手制作的布料
3c07217a;1;监视堡垒 (鸟望台 - 发现)
b8fb6253;1;监视堡垒 (鸟望台 - 激活)
034a2acf;1;监视堡垒 (鸟望台 - 地图已显示)
ec38c3be;1;拉布拉山 (鸟望台 - 发现)
d0236be5;1;拉布拉山 (鸟望台 - 激活)
1b6b8850;1;拉布拉山 (鸟望台 - 地图已显示)
6ee7a9b4;1;茨茨齐齐雪原 (鸟望台 - 发现)
1f4b2837;1;茨茨齐齐雪原 (鸟望台 - 激活)
41791b8b;1;茨茨齐齐雪原 (鸟望台 - 地图已显示)
c1b1272e;1;奥尔汀峡谷 (鸟望台 - 发现)
1f365304;1;奥尔汀峡谷 (鸟望台 - 激活)
ca45e956;1;奥尔汀峡谷 (鸟望台 - 地图已显示)
bc9458f6;1;乌尔利山 (鸟望台 - 发现)
8da52227;1;乌尔利山 (鸟望台 - 激活)
0d153cc2;1;乌尔利山 (鸟望台 - 地图已显示)
6bbc4bc5;1;撒哈斯拉平原 (鸟望台 - 发现)
8462f080;1;撒哈斯拉平原 (鸟望台 - 激活)
1dc77e40;1;撒哈斯拉平原 (鸟望台 - 地图已显示)
9304ce23;1;卓拉台地 (鸟望台 - 发现)
b0ef5321;1;卓拉台地 (鸟望台 - 激活)
f43e73ac;1;卓拉台地 (鸟望台 - 地图已显示)
5eee2b50;1;海拉鲁平原 (鸟望台 - 发现)
e8931088;1;海拉鲁平原 (鸟望台 - 激活)
daa808e8;1;海拉鲁平原 (鸟望台 - 地图已显示)
e0418686;1;格鲁德峡谷 (鸟望台 - 发现)
0aab3354;1;格鲁德峡谷 (鸟望台 - 激活)
46404d81;1;格鲁德峡谷 (鸟望台 - 地图已显示)
89b01713;1;格鲁德高地 (鸟望台 - 发现)
9ee68f49;1;格鲁德高地 (鸟望台 - 激活)
d1b133ab;1;格鲁德高地 (鸟望台 - 地图已显示)
97ec4114;1;拉贝拉湿地带 (鸟望台 - 发现)
b2295624;1;拉贝拉湿地带 (鸟望台 - 激活)
0acfd32d;1;拉贝拉湿地带 (鸟望台 - 地图已显示)
8fabb43f;1;德依布朗遗迹 (鸟望台 - 发现)
fcb4ddb7;1;德依布朗遗迹 (鸟望台 - 激活)
81393e2f;1;德依布朗遗迹 (鸟望台 - 地图已显示)
db253c3e;1;泡泡拉高地 (鸟望台 - 发现)
71fb216e;1;泡泡拉高地 (鸟望台 - 激活)
14763a6d;1;泡泡拉高地 (鸟望台 - 地图已显示)
a7aea58b;1;拉聂尔山 (鸟望台 - 发现)
dc645a4b;1;拉聂尔山 (鸟望台 - 激活)
d4258836;1;拉聂尔山 (鸟望台 - 地图已显示)
f4415c10;1;卡尔加岭 (鸟望台 - 发现)
f6c6d844;1;卡尔加岭 (鸟望台 - 激活)
436547d5;1;卡尔加岭 (鸟望台 - 地图已显示)
